<?xml version="1.0" encoding="UTF-8"?>
<project-private xmlns="http://www.netbeans.org/ns/project-private/1">
    <editor-bookmarks xmlns="http://www.netbeans.org/ns/editor-bookmarks/2" lastBookmarkId="0"/>
    <open-files xmlns="http://www.netbeans.org/ns/projectui-open-files/2">
        <group>
            <file>file:/D:/KULIAH%20SEMESTER%203/Praktikum%20PBO%20Kelas%20C/Modul5/src/DefaultAccess.java</file>
            <file>file:/D:/KULIAH%20SEMESTER%203/Praktikum%20PBO%20Kelas%20C/Modul5/src/Latihan1.java</file>
            <file>file:/D:/KULIAH%20SEMESTER%203/Praktikum%20PBO%20Kelas%20C/Modul5/src/ParamConstructor.java</file>
            <file>file:/D:/KULIAH%20SEMESTER%203/Praktikum%20PBO%20Kelas%20C/Modul5/src/Latihan1Access.java</file>
            <file>file:/D:/KULIAH%20SEMESTER%203/Praktikum%20PBO%20Kelas%20C/Modul5/src/ConstructorAccess.java</file>
            <file>file:/D:/KULIAH%20SEMESTER%203/Praktikum%20PBO%20Kelas%20C/Modul5/src/DemoTugas.java</file>
            <file>file:/D:/KULIAH%20SEMESTER%203/Praktikum%20PBO%20Kelas%20C/Modul5/src/Buku.java</file>
            <file>file:/D:/KULIAH%20SEMESTER%203/Praktikum%20PBO%20Kelas%20C/Modul5/src/Constructor.java</file>
            <file>file:/D:/KULIAH%20SEMESTER%203/Praktikum%20PBO%20Kelas%20C/Modul5/src/Tugas.java</file>
        </group>
    </open-files>
</project-private>
