<?xml version="1.0" encoding="UTF-8"?>
<project-private xmlns="http://www.netbeans.org/ns/project-private/1">
    <editor-bookmarks xmlns="http://www.netbeans.org/ns/editor-bookmarks/2" lastBookmarkId="0"/>
    <open-files xmlns="http://www.netbeans.org/ns/projectui-open-files/2">
        <group>
            <file>file:/D:/inheritance/src/inheritance1/segitigasamakaki.java</file>
            <file>file:/D:/inheritance/src/inheritance1/inheritanceTest.java</file>
            <file>file:/D:/inheritance/src/inheritance1/Kendaraan.java</file>
            <file>file:/D:/inheritance/src/inheritance1/mainKendaraan.java</file>
            <file>file:/D:/inheritance/src/inheritance1/Mobil.java</file>
            <file>file:/D:/inheritance/src/inheritance1/Pesawat.java</file>
            <file>file:/D:/inheritance/src/inheritance1/segitiga.java</file>
            <file>file:/D:/inheritance/src/inheritance1/segitigasamasisi.java</file>
            <file>file:/D:/inheritance/src/inheritance1/persegipanjang.java</file>
            <file>file:/D:/inheritance/src/inheritance1/bangundatar.java</file>
            <file>file:/D:/inheritance/src/inheritance1/persegi.java</file>
        </group>
    </open-files>
</project-private>
